"ResultID,OrderID,TestID,ResultValue,ResultUnit,ResultDate,Status"
"1,579,20,7.72,mmol/L,2023-08-14,Completed"
"2,834,10,81.74,g/L,2024-06-15,Pending"
"3,273,15,13.33,mmol/L,2023-09-02,Pending"
"4,115,19,15.64,g/L,2023-09-18,Pending"
"5,456,12,67.68,mmol/L,2023-07-29,Completed"
"6,969,19,20.4,%,2024-11-05,Pending"
"7,649,14,8.39,g/L,2024-01-07,Pending"
"8,925,14,83.5,g/L,2024-10-23,Pending"
"9,607,6,46.83,mg/dL,2024-09-11,Pending"
"10,344,14,65.46,%,2024-07-19,Pending"
"11,51,7,3.03,mmol/L,2024-10-03,Pending"
"12,369,16,82.47,g/L,2023-12-05,Pending"
"13,192,11,32.37,%,2024-08-04,Completed"
"14,85,11,29.54,g/L,2024-11-16,Pending"
"15,588,3,63.48,g/L,2023-11-17,Completed"
"16,544,8,61.01,mg/dL,2024-11-11,Pending"
"17,658,7,11.41,mmol/L,2024-10-22,Pending"
"18,763,2,4.31,mmol/L,2023-11-13,Completed"
"19,585,14,67.6,g/L,2025-01-24,Completed"
"20,748,20,5.91,g/L,2025-02-15,Pending"
"21,36,5,53.89,mg/dL,2024-05-03,Completed"
"22,104,13,19.83,mg/dL,2024-04-23,Pending"
"23,661,16,35.57,mg/dL,2025-02-27,Pending"
"24,389,18,33.22,mg/dL,2023-06-23,Completed"
"25,472,11,87.28,mg/dL,2025-02-15,Pending"
"26,644,7,83.5,mg/dL,2024-03-04,Pending"
"27,391,10,2.4,g/L,2025-03-11,Pending"
"28,905,16,24.9,mg/dL,2024-04-08,Completed"
"29,729,5,95.22,mmol/L,2023-06-01,Completed"
"30,186,4,43.53,%,2025-05-14,Completed"
"31,244,17,49.22,g/L,2024-09-20,Completed"
"32,85,19,22.42,mmol/L,2023-08-29,Completed"
"33,908,20,49.0,%,2023-11-27,Pending"
"34,126,6,23.28,g/L,2024-08-24,Completed"
"35,260,16,41.67,mmol/L,2024-12-04,Completed"
"36,429,16,60.51,%,2024-04-08,Pending"
"37,252,14,50.91,%,2024-08-01,Pending"
"38,686,6,14.14,%,2025-05-08,Pending"
"39,827,5,44.07,g/L,2023-06-03,Completed"
"40,756,17,48.77,mmol/L,2023-07-11,Completed"
"41,629,9,64.33,mmol/L,2025-01-13,Pending"
"42,200,6,51.4,g/L,2023-06-01,Pending"
"43,373,6,8.43,mmol/L,2025-02-28,Pending"
"44,119,12,43.23,%,2024-02-25,Pending"
"45,596,15,73.75,mg/dL,2024-07-25,Completed"
"46,498,14,5.21,%,2023-12-10,Pending"
"47,502,20,82.41,mg/dL,2023-10-07,Pending"
"48,69,14,12.77,%,2024-04-05,Pending"
"49,231,1,36.47,g/L,2023-09-15,Completed"
"50,28,7,11.72,g/L,2025-03-24,Completed"
"51,434,17,53.96,mmol/L,2025-01-15,Completed"
"52,633,18,12.06,mg/dL,2025-05-13,Completed"
"53,73,2,27.7,%,2024-03-10,Completed"
"54,749,3,55.65,mmol/L,2025-02-10,Completed"
"55,720,11,71.74,g/L,2025-01-15,Pending"
"56,169,5,56.22,%,2025-03-08,Completed"
"57,545,14,72.62,%,2024-03-19,Completed"
"58,690,2,53.94,%,2024-03-28,Pending"
"59,390,12,75.95,%,2023-06-05,Completed"
"60,258,10,83.6,mmol/L,2024-10-28,Pending"
"61,61,10,19.91,mg/dL,2024-01-16,Completed"
"62,304,4,47.03,g/L,2023-11-28,Pending"
"63,979,7,73.47,%,2024-05-07,Pending"
"64,97,5,47.63,mg/dL,2023-05-28,Pending"
"65,308,18,90.19,g/L,2024-08-22,Completed"
"66,20,4,27.74,g/L,2023-10-10,Completed"
"67,43,8,7.25,%,2024-05-27,Completed"
"68,184,18,45.6,g/L,2024-01-14,Completed"
"69,924,13,40.15,mg/dL,2025-02-03,Completed"
"70,197,15,28.96,mg/dL,2024-10-07,Completed"
"71,151,6,4.27,mmol/L,2025-01-22,Pending"
"72,335,19,80.92,g/L,2024-12-25,Completed"
"73,859,20,20.96,mmol/L,2023-09-06,Pending"
"74,960,18,79.03,g/L,2023-12-29,Pending"
"75,166,11,67.87,mmol/L,2024-10-07,Pending"
"76,37,1,48.94,mmol/L,2025-04-25,Pending"
"77,571,8,63.19,%,2024-11-26,Completed"
"78,165,18,42.5,mmol/L,2024-06-18,Pending"
"79,367,6,71.94,%,2024-08-07,Pending"
"80,751,8,24.34,%,2024-07-03,Completed"
"81,516,15,57.27,%,2023-11-11,Pending"
"82,790,16,56.7,mg/dL,2024-11-28,Pending"
"83,898,18,53.33,mmol/L,2023-07-26,Pending"
"84,359,15,50.47,g/L,2025-02-10,Completed"
"85,458,10,68.75,g/L,2024-03-07,Pending"
"86,758,11,48.65,mg/dL,2023-12-31,Pending"
"87,520,4,43.04,mg/dL,2024-06-09,Completed"
"88,757,9,74.99,%,2024-01-13,Completed"
"89,441,15,40.38,mg/dL,2024-03-12,Pending"
"90,910,20,25.31,mmol/L,2025-04-26,Completed"
"91,954,18,9.5,%,2024-02-05,Pending"
"92,809,7,51.99,%,2023-11-26,Pending"
"93,415,18,5.43,mg/dL,2024-11-19,Completed"
"94,584,16,13.12,%,2024-11-13,Pending"
"95,249,7,31.07,mmol/L,2023-07-21,Completed"
"96,382,14,47.42,mmol/L,2024-03-25,Pending"
"97,509,18,87.47,mg/dL,2023-09-11,Completed"
"98,340,8,27.05,%,2025-03-18,Completed"
"99,258,14,24.17,mg/dL,2023-10-20,Completed"
"100,15,17,6.17,%,2024-02-16,Pending"
"101,348,18,68.43,g/L,2024-07-25,Pending"
"102,962,8,0.3,%,2024-11-26,Pending"
"103,350,12,8.75,g/L,2023-08-20,Pending"
"104,306,3,27.6,mg/dL,2025-03-05,Pending"
"105,395,5,65.37,%,2024-02-05,Completed"
"106,35,1,5.45,g/L,2023-06-02,Completed"
"107,763,1,97.49,%,2025-02-02,Pending"
"108,231,19,65.51,%,2023-07-12,Completed"
"109,895,7,89.75,mg/dL,2023-07-07,Completed"
"110,280,15,80.82,%,2023-08-03,Completed"
"111,8,1,95.33,mmol/L,2023-11-03,Pending"
"112,231,14,50.81,mg/dL,2023-10-01,Completed"
"113,815,1,68.3,mg/dL,2024-05-18,Completed"
"114,451,12,77.61,%,2024-10-28,Pending"
"115,806,16,60.38,%,2024-03-20,Pending"
"116,824,16,60.49,mg/dL,2024-02-08,Pending"
"117,943,12,67.18,mg/dL,2023-10-27,Pending"
"118,768,5,63.84,mmol/L,2023-05-18,Completed"
"119,454,3,74.35,g/L,2024-03-15,Completed"
"120,430,18,40.8,mg/dL,2024-05-01,Completed"
"121,182,19,35.58,g/L,2025-05-11,Pending"
"122,886,14,4.72,g/L,2024-04-18,Completed"
"123,164,9,29.3,g/L,2025-01-29,Completed"
"124,978,4,37.54,g/L,2024-12-28,Completed"
"125,556,11,71.28,%,2024-12-08,Pending"
"126,450,4,73.86,%,2023-10-25,Completed"
"127,83,19,97.28,g/L,2025-01-13,Pending"
"128,734,13,58.69,g/L,2025-03-14,Pending"
"129,603,1,73.81,g/L,2024-10-07,Pending"
"130,845,2,65.75,%,2024-05-31,Pending"
"131,701,9,58.43,mg/dL,2024-07-26,Completed"
"132,9,16,39.59,mg/dL,2024-12-10,Completed"
"133,239,19,61.24,mmol/L,2025-03-23,Pending"
"134,132,5,52.92,g/L,2024-11-23,Pending"
"135,901,3,1.78,g/L,2025-05-03,Completed"
"136,441,16,36.18,mg/dL,2024-02-21,Pending"
"137,203,4,22.66,mmol/L,2024-10-11,Completed"
"138,196,2,45.34,g/L,2024-07-22,Pending"
"139,645,11,99.35,g/L,2024-05-31,Pending"
"140,690,2,21.2,mg/dL,2024-08-17,Pending"
"141,884,20,24.51,g/L,2024-10-06,Completed"
"142,32,4,3.54,mg/dL,2024-10-23,Completed"
"143,343,3,98.35,mmol/L,2024-03-31,Completed"
"144,877,1,60.37,mmol/L,2024-04-10,Pending"
"145,423,9,43.6,mg/dL,2025-04-19,Completed"
"146,793,11,77.5,mg/dL,2024-06-10,Completed"
"147,890,8,40.03,mmol/L,2024-03-12,Completed"
"148,592,3,86.27,%,2024-09-10,Pending"
"149,646,9,78.06,mmol/L,2024-11-30,Completed"
"150,501,7,90.38,mmol/L,2024-02-05,Completed"
"151,820,7,76.92,g/L,2024-09-24,Pending"
"152,519,14,46.87,mmol/L,2023-09-27,Pending"
"153,767,20,1.3,g/L,2023-11-21,Pending"
"154,631,18,65.3,mg/dL,2024-08-01,Completed"
"155,141,19,78.11,%,2024-11-18,Pending"
"156,491,3,39.34,g/L,2024-05-07,Completed"
"157,922,9,58.08,g/L,2024-07-22,Completed"
"158,889,15,20.61,mg/dL,2024-04-20,Pending"
"159,336,13,16.09,mmol/L,2023-11-26,Pending"
"160,194,2,7.26,mg/dL,2023-08-06,Completed"
"161,438,7,46.71,mg/dL,2023-10-07,Pending"
"162,158,18,13.1,%,2024-09-15,Pending"
"163,615,4,29.22,g/L,2024-05-14,Completed"
"164,159,16,28.96,mmol/L,2023-08-30,Pending"
"165,607,7,52.04,mg/dL,2024-09-03,Completed"
"166,47,14,94.88,mmol/L,2024-02-27,Pending"
"167,203,3,60.31,%,2023-08-06,Pending"
"168,99,12,11.15,mg/dL,2023-10-20,Pending"
"169,386,19,8.24,mmol/L,2025-03-30,Pending"
"170,865,4,74.12,mmol/L,2024-05-07,Pending"
"171,443,5,90.03,mg/dL,2025-01-14,Completed"
"172,330,10,46.91,mmol/L,2024-02-23,Completed"
"173,972,15,4.92,mmol/L,2025-03-28,Pending"
"174,75,12,85.46,%,2025-03-04,Completed"
"175,618,6,73.74,g/L,2024-11-09,Completed"
"176,646,15,50.16,mmol/L,2024-11-26,Pending"
"177,416,12,47.57,mg/dL,2025-01-04,Completed"
"178,945,7,78.42,g/L,2024-04-17,Pending"
"179,27,9,36.35,mmol/L,2023-08-08,Completed"
"180,381,6,6.32,g/L,2024-12-25,Completed"
"181,121,2,97.05,%,2023-09-26,Pending"
"182,66,11,72.42,mg/dL,2024-08-19,Completed"
"183,766,1,65.09,mmol/L,2024-12-17,Pending"
"184,93,7,9.82,%,2024-03-28,Completed"
"185,791,15,6.2,g/L,2024-08-12,Completed"
"186,277,14,10.59,g/L,2023-11-09,Completed"
"187,558,3,28.28,mg/dL,2024-10-20,Completed"
"188,850,16,28.92,%,2023-09-29,Completed"
"189,574,5,51.13,mg/dL,2024-09-22,Pending"
"190,75,20,62.55,g/L,2023-07-22,Pending"
"191,504,2,58.97,g/L,2024-02-18,Completed"
"192,568,10,31.36,mmol/L,2024-10-04,Completed"
"193,477,3,2.24,g/L,2023-08-22,Pending"
"194,887,16,35.51,mmol/L,2024-04-24,Pending"
"195,743,4,93.13,%,2025-03-12,Pending"
"196,332,15,67.46,mg/dL,2023-09-05,Pending"
"197,541,15,73.42,g/L,2024-09-13,Pending"
"198,911,12,81.74,mg/dL,2024-06-18,Completed"
"199,770,19,36.35,g/L,2025-01-15,Completed"
"200,332,19,43.09,mmol/L,2024-03-01,Pending"
"201,925,2,92.08,%,2024-03-31,Pending"
"202,922,7,44.88,mmol/L,2024-01-30,Pending"
"203,839,12,24.54,%,2024-04-19,Completed"
"204,637,11,16.22,%,2024-12-16,Pending"
"205,361,14,85.41,mg/dL,2024-02-17,Pending"
"206,992,3,38.49,mg/dL,2024-08-06,Pending"
"207,304,16,48.82,mg/dL,2025-03-09,Pending"
"208,214,6,4.93,%,2023-11-03,Completed"
"209,907,20,86.45,%,2024-08-04,Pending"
"210,598,17,82.86,mg/dL,2025-05-10,Completed"
"211,570,9,37.33,g/L,2023-08-28,Completed"
"212,230,10,71.41,mmol/L,2023-06-05,Pending"
"213,704,4,19.12,g/L,2024-10-17,Completed"
"214,282,8,46.09,mg/dL,2024-04-22,Pending"
"215,192,6,59.01,mg/dL,2024-01-02,Completed"
"216,124,16,52.47,%,2024-02-17,Pending"
"217,854,7,62.82,mmol/L,2024-03-15,Pending"
"218,619,5,68.12,%,2023-06-10,Pending"
"219,515,5,43.23,mmol/L,2025-02-08,Pending"
"220,296,11,49.4,mmol/L,2023-05-24,Pending"
"221,472,6,34.82,%,2024-12-29,Completed"
"222,584,7,99.11,%,2024-01-14,Completed"
"223,691,4,83.38,mmol/L,2023-10-04,Pending"
"224,429,11,32.81,mg/dL,2024-05-22,Pending"
"225,705,10,4.58,mmol/L,2023-09-27,Completed"
"226,542,20,88.18,mg/dL,2024-04-14,Pending"
"227,909,1,56.33,g/L,2024-06-23,Pending"
"228,380,2,50.47,mmol/L,2024-04-05,Pending"
"229,392,9,13.88,mg/dL,2024-11-02,Completed"
"230,88,9,54.66,%,2023-07-27,Pending"
"231,236,19,98.9,g/L,2024-11-14,Pending"
"232,328,9,84.33,mmol/L,2023-07-17,Completed"
"233,29,17,54.19,mg/dL,2024-09-07,Completed"
"234,897,13,99.36,mg/dL,2025-01-26,Completed"
"235,106,10,71.75,g/L,2025-01-06,Completed"
"236,805,9,75.96,mmol/L,2023-06-05,Completed"
"237,936,19,28.45,mg/dL,2023-06-21,Pending"
"238,65,9,13.0,mg/dL,2023-09-06,Completed"
"239,805,10,90.71,mg/dL,2024-05-27,Pending"
"240,468,17,92.13,g/L,2025-03-31,Completed"
"241,612,1,50.41,%,2024-03-29,Completed"
"242,422,19,73.61,mg/dL,2023-06-26,Pending"
"243,103,2,20.07,mmol/L,2024-08-11,Completed"
"244,858,8,26.54,%,2024-08-13,Completed"
"245,307,5,39.36,g/L,2023-12-21,Completed"
"246,614,14,76.68,%,2023-11-07,Pending"
"247,898,10,47.11,g/L,2024-01-14,Pending"
"248,805,5,51.06,g/L,2024-09-11,Pending"
"249,514,20,68.31,g/L,2025-03-15,Pending"
"250,236,14,27.68,mmol/L,2024-02-02,Completed"
"251,851,1,42.71,mmol/L,2024-12-09,Completed"
"252,541,13,95.84,g/L,2025-03-27,Pending"
"253,684,13,33.47,g/L,2025-04-30,Completed"
"254,169,13,83.68,%,2024-01-06,Completed"
"255,230,9,43.2,g/L,2023-12-22,Pending"
"256,748,20,44.9,mg/dL,2024-08-19,Completed"
"257,451,4,45.5,mmol/L,2024-07-20,Completed"
"258,974,8,0.38,g/L,2025-04-15,Completed"
"259,680,12,77.02,mg/dL,2025-03-08,Completed"
"260,31,17,43.1,mmol/L,2024-08-13,Pending"
"261,572,16,33.71,mmol/L,2024-08-01,Pending"
"262,66,11,59.71,mg/dL,2023-06-29,Completed"
"263,663,5,29.15,mmol/L,2024-12-09,Pending"
"264,285,14,31.28,mmol/L,2024-11-03,Completed"
"265,708,9,64.3,mmol/L,2024-11-30,Completed"
"266,895,6,71.97,%,2024-02-18,Pending"
"267,968,8,60.19,mg/dL,2023-11-05,Pending"
"268,507,11,72.13,mg/dL,2023-09-09,Pending"
"269,382,13,6.34,mmol/L,2025-02-02,Pending"
"270,460,10,21.38,%,2023-09-14,Completed"
"271,185,18,95.42,%,2024-11-07,Pending"
"272,582,3,6.54,mg/dL,2023-06-14,Completed"
"273,880,13,7.94,%,2024-10-16,Completed"
"274,175,14,94.12,mmol/L,2025-03-08,Completed"
"275,924,1,84.66,%,2024-05-31,Completed"
"276,661,15,21.21,g/L,2024-11-05,Pending"
"277,161,7,27.2,mg/dL,2023-10-31,Pending"
"278,259,6,80.52,%,2024-12-01,Completed"
"279,476,5,62.37,mg/dL,2025-02-12,Completed"
"280,162,18,10.1,mg/dL,2025-05-09,Pending"
"281,897,11,91.1,mmol/L,2023-10-31,Pending"
"282,922,5,20.32,mmol/L,2024-10-17,Pending"
"283,547,4,92.4,mmol/L,2023-09-15,Pending"
"284,361,2,8.76,g/L,2023-07-23,Completed"
"285,472,5,26.97,g/L,2024-05-06,Completed"
"286,774,9,17.8,g/L,2024-10-20,Completed"
"287,727,19,42.72,mg/dL,2024-05-05,Completed"
"288,996,3,75.69,mg/dL,2024-06-13,Completed"
"289,83,4,34.04,mmol/L,2023-06-27,Pending"
"290,193,17,6.62,g/L,2023-09-26,Pending"
"291,191,15,92.57,g/L,2024-09-26,Completed"
"292,695,7,75.21,g/L,2023-11-06,Pending"
"293,290,8,44.0,mg/dL,2023-06-06,Completed"
"294,99,1,73.05,%,2024-02-02,Completed"
"295,964,12,58.38,mmol/L,2024-05-03,Completed"
"296,624,6,69.97,mg/dL,2023-05-31,Pending"
"297,580,11,55.57,g/L,2023-09-24,Pending"
"298,876,8,77.15,g/L,2024-08-07,Pending"
"299,317,7,77.79,mmol/L,2023-06-26,Pending"
"300,209,11,50.63,mg/dL,2024-05-20,Pending"
"301,856,16,37.76,mmol/L,2023-11-16,Completed"
"302,786,4,83.08,mg/dL,2023-12-11,Pending"
"303,856,11,39.85,mg/dL,2024-06-26,Pending"
"304,696,15,60.41,mmol/L,2024-04-04,Completed"
"305,990,20,33.31,%,2024-09-22,Completed"
"306,865,16,71.66,mmol/L,2024-12-27,Completed"
"307,557,6,4.36,%,2024-06-13,Pending"
"308,375,4,44.71,mmol/L,2024-08-19,Completed"
"309,308,2,70.46,mg/dL,2024-04-21,Completed"
"310,125,12,55.75,mmol/L,2025-03-29,Completed"
"311,535,14,96.24,g/L,2024-03-20,Pending"
"312,753,9,67.83,%,2023-06-19,Completed"
"313,402,13,85.32,mg/dL,2023-11-14,Completed"
"314,619,7,68.91,g/L,2023-10-16,Completed"
"315,475,6,2.04,g/L,2025-05-16,Pending"
"316,229,16,17.8,mg/dL,2025-03-01,Pending"
"317,820,13,73.2,mg/dL,2025-02-20,Pending"
"318,579,3,65.62,%,2024-12-19,Pending"
"319,904,13,10.62,mmol/L,2025-01-09,Completed"
"320,161,6,33.11,g/L,2023-12-13,Pending"
"321,534,10,62.81,mg/dL,2024-10-15,Completed"
"322,786,1,23.61,g/L,2024-01-29,Completed"
"323,508,1,11.73,%,2023-07-25,Pending"
"324,125,10,41.62,mmol/L,2023-11-22,Completed"
"325,363,1,28.48,mg/dL,2023-11-27,Completed"
"326,948,18,62.79,mg/dL,2024-12-21,Completed"
"327,60,11,76.33,mg/dL,2024-05-26,Completed"
"328,301,19,7.66,mg/dL,2024-09-03,Completed"
"329,910,20,96.64,mmol/L,2024-07-31,Completed"
"330,526,11,64.88,%,2024-07-23,Pending"
"331,293,3,29.23,%,2023-07-14,Completed"
"332,296,7,26.09,mmol/L,2024-11-16,Completed"
"333,797,6,97.05,%,2023-08-27,Completed"
"334,852,20,91.01,%,2024-07-05,Pending"
"335,978,7,63.48,mg/dL,2024-12-17,Pending"
"336,853,15,40.28,mmol/L,2024-03-15,Completed"
"337,60,1,6.2,mg/dL,2025-01-02,Pending"
"338,433,13,92.07,mg/dL,2024-04-02,Completed"
"339,383,10,59.24,mmol/L,2023-09-16,Pending"
"340,676,4,76.4,mg/dL,2024-07-04,Pending"
"341,419,12,84.96,g/L,2023-08-10,Completed"
"342,28,7,33.99,mg/dL,2025-01-17,Completed"
"343,335,6,45.07,%,2023-06-09,Completed"
"344,233,9,41.31,mg/dL,2025-02-21,Pending"
"345,152,13,73.85,mg/dL,2023-06-01,Completed"
"346,893,4,1.76,%,2024-02-14,Completed"
"347,271,14,83.03,mg/dL,2023-07-26,Pending"
"348,995,16,90.72,%,2024-01-14,Pending"
"349,175,15,86.64,%,2023-11-05,Completed"
"350,285,7,82.39,mmol/L,2024-04-14,Completed"
"351,674,4,55.56,g/L,2023-08-11,Pending"
"352,729,12,92.31,mmol/L,2023-09-04,Completed"
"353,248,8,62.49,mg/dL,2023-08-03,Completed"
"354,530,20,46.14,%,2023-12-13,Completed"
"355,502,5,45.14,mg/dL,2024-10-19,Completed"
"356,864,4,2.72,mg/dL,2024-03-06,Completed"
"357,590,6,32.58,mg/dL,2023-10-04,Pending"
"358,830,4,88.06,mmol/L,2024-07-29,Pending"
"359,629,1,16.53,mmol/L,2023-09-27,Completed"
"360,30,7,61.73,mg/dL,2024-07-19,Completed"
"361,65,13,70.53,g/L,2024-11-13,Pending"
"362,124,9,33.55,g/L,2024-09-24,Pending"
"363,400,20,50.2,mg/dL,2024-08-12,Completed"
"364,730,9,5.23,g/L,2024-03-25,Completed"
"365,289,8,62.26,mmol/L,2024-03-30,Completed"
"366,472,14,63.68,mg/dL,2023-05-22,Completed"
"367,915,10,87.76,%,2024-03-03,Completed"
"368,384,5,55.33,mmol/L,2024-03-29,Completed"
"369,832,19,30.81,%,2023-11-03,Completed"
"370,66,4,38.15,%,2024-09-28,Completed"
"371,115,19,93.09,mg/dL,2025-01-09,Pending"
"372,248,19,64.11,mg/dL,2024-02-07,Pending"
"373,571,8,57.46,%,2023-06-04,Completed"
"374,826,16,79.22,mg/dL,2024-12-29,Pending"
"375,573,8,37.02,%,2025-03-30,Pending"
"376,675,2,32.35,mmol/L,2023-11-08,Completed"
"377,71,8,60.45,mg/dL,2023-10-07,Pending"
"378,291,5,65.94,mg/dL,2024-11-19,Pending"
"379,68,10,18.57,mg/dL,2023-10-29,Completed"
"380,928,11,61.82,mmol/L,2024-06-01,Pending"
"381,61,3,99.29,%,2024-04-07,Pending"
"382,853,4,80.02,%,2025-03-30,Pending"
"383,800,17,66.48,g/L,2024-06-22,Pending"
"384,714,20,32.87,mg/dL,2024-03-13,Pending"
"385,781,3,82.93,g/L,2023-07-17,Completed"
"386,415,2,78.48,g/L,2023-08-24,Pending"
"387,786,9,19.5,g/L,2023-08-19,Completed"
"388,919,13,61.52,%,2025-03-07,Completed"
"389,593,11,73.49,mmol/L,2024-07-24,Pending"
"390,542,11,65.05,mmol/L,2023-06-05,Pending"
"391,781,7,23.56,%,2023-11-27,Pending"
"392,982,20,10.49,mg/dL,2025-03-08,Completed"
"393,918,2,12.44,%,2023-08-01,Pending"
"394,758,17,78.72,%,2024-03-15,Completed"
"395,697,12,6.39,mg/dL,2024-08-05,Pending"
"396,23,3,64.1,%,2024-10-26,Completed"
"397,623,13,83.62,%,2025-02-19,Completed"
"398,134,18,74.78,mg/dL,2023-12-27,Pending"
"399,423,11,48.04,mg/dL,2024-08-29,Completed"
"400,766,16,89.86,mg/dL,2023-07-22,Pending"
"401,967,14,44.54,%,2025-02-11,Pending"
"402,722,18,87.08,%,2023-09-21,Pending"
"403,900,16,24.99,%,2023-06-11,Completed"
"404,52,3,57.96,mg/dL,2024-12-06,Pending"
"405,973,10,72.87,mmol/L,2024-11-10,Pending"
"406,336,7,86.2,mg/dL,2023-05-26,Completed"
"407,950,17,56.26,g/L,2024-11-29,Completed"
"408,964,19,30.42,mmol/L,2024-01-09,Pending"
"409,762,8,6.13,g/L,2024-05-30,Completed"
"410,559,4,52.72,mg/dL,2023-06-12,Pending"
"411,385,7,58.75,g/L,2023-06-03,Pending"
"412,496,18,47.73,mmol/L,2023-07-10,Completed"
"413,992,11,34.59,mmol/L,2023-11-19,Pending"
"414,699,9,92.33,mmol/L,2024-07-27,Pending"
"415,984,16,2.45,mmol/L,2023-10-25,Pending"
"416,713,19,27.13,%,2025-05-03,Completed"
"417,344,20,24.4,mmol/L,2023-05-18,Completed"
"418,281,9,57.09,mmol/L,2024-12-26,Pending"
"419,833,16,30.95,g/L,2024-12-16,Pending"
"420,843,3,52.95,g/L,2025-01-22,Pending"
"421,410,2,97.99,%,2024-01-03,Completed"
"422,325,5,2.75,g/L,2023-08-26,Completed"
"423,34,12,20.47,%,2024-03-29,Completed"
"424,113,4,7.85,g/L,2024-12-27,Pending"
"425,573,17,13.92,mg/dL,2023-10-28,Completed"
"426,77,4,10.01,%,2023-06-16,Pending"
"427,638,18,67.71,mmol/L,2024-03-28,Pending"
"428,38,12,48.59,%,2024-09-23,Pending"
"429,758,1,59.02,mg/dL,2023-06-02,Pending"
"430,204,20,51.63,mmol/L,2023-12-26,Pending"
"431,179,10,72.52,mmol/L,2024-07-23,Completed"
"432,898,13,49.78,mg/dL,2023-09-01,Completed"
"433,719,6,31.15,g/L,2025-03-12,Completed"
"434,858,4,65.34,mg/dL,2023-07-12,Completed"
"435,495,3,61.63,%,2024-02-02,Pending"
"436,261,18,75.91,%,2023-11-14,Pending"
"437,113,6,6.36,g/L,2023-08-26,Pending"
"438,579,7,32.4,g/L,2024-05-06,Completed"
"439,490,4,78.69,mmol/L,2025-04-14,Completed"
"440,238,19,70.9,%,2023-10-04,Pending"
"441,872,5,59.4,%,2023-12-06,Completed"
"442,576,12,0.79,mmol/L,2023-12-10,Pending"
"443,701,14,96.49,mg/dL,2024-03-10,Completed"
"444,990,20,56.9,%,2024-02-29,Pending"
"445,207,8,81.8,g/L,2024-01-08,Pending"
"446,55,3,58.67,mmol/L,2024-07-23,Pending"
"447,363,18,17.96,mmol/L,2023-06-22,Pending"
"448,65,15,93.75,mmol/L,2023-06-06,Pending"
"449,755,7,57.2,mmol/L,2024-01-11,Completed"
"450,252,7,64.29,g/L,2023-06-29,Pending"
"451,57,7,55.89,%,2023-10-07,Pending"
"452,92,12,87.53,mg/dL,2025-04-26,Completed"
"453,155,19,54.24,mmol/L,2025-03-26,Completed"
"454,821,10,48.32,%,2024-01-15,Pending"
"455,642,4,35.19,mg/dL,2023-11-01,Pending"
"456,313,16,81.4,mg/dL,2024-06-04,Pending"
"457,798,6,23.28,mg/dL,2024-06-04,Completed"
"458,192,4,18.62,mmol/L,2023-09-01,Completed"
"459,691,11,68.0,g/L,2024-08-01,Completed"
"460,7,8,85.66,g/L,2023-12-19,Completed"
"461,835,14,65.86,%,2024-04-10,Pending"
"462,556,12,92.56,mg/dL,2023-05-22,Completed"
"463,394,4,4.81,g/L,2024-01-17,Pending"
"464,542,12,38.58,g/L,2023-12-19,Completed"
"465,361,5,18.64,g/L,2024-12-15,Completed"
"466,746,14,58.23,mmol/L,2023-12-30,Pending"
"467,827,7,17.11,g/L,2023-06-02,Pending"
"468,635,12,47.97,g/L,2024-09-04,Completed"
"469,111,18,71.03,g/L,2024-02-03,Pending"
"470,282,9,5.56,mmol/L,2023-08-25,Pending"
"471,421,7,87.47,mg/dL,2024-04-05,Pending"
"472,562,16,63.96,mg/dL,2024-07-29,Pending"
"473,212,10,22.95,g/L,2023-06-30,Completed"
"474,618,3,57.3,mmol/L,2024-07-21,Pending"
"475,111,16,56.43,mmol/L,2025-01-02,Completed"
"476,220,12,24.15,mg/dL,2024-06-26,Completed"
"477,181,17,79.01,%,2025-04-03,Pending"
"478,312,1,52.94,mg/dL,2024-04-04,Completed"
"479,127,18,21.05,%,2024-02-13,Pending"
"480,611,9,88.51,%,2025-01-13,Pending"
"481,563,12,22.38,%,2024-06-01,Pending"
"482,221,1,50.27,mmol/L,2024-03-13,Completed"
"483,571,11,36.43,mg/dL,2024-08-01,Pending"
"484,839,3,43.65,mg/dL,2023-12-25,Completed"
"485,830,7,69.16,g/L,2025-03-22,Completed"
"486,807,14,55.23,%,2024-10-14,Completed"
"487,156,4,72.84,%,2023-06-04,Completed"
"488,333,3,96.02,mmol/L,2024-06-20,Completed"
"489,45,8,91.22,mmol/L,2024-10-19,Completed"
"490,20,14,53.21,mg/dL,2024-10-08,Completed"
"491,522,7,28.86,mmol/L,2024-07-17,Pending"
"492,505,1,22.54,mmol/L,2023-06-30,Pending"
"493,800,2,62.66,%,2024-11-27,Completed"
"494,901,6,99.65,g/L,2025-03-11,Completed"
"495,535,3,86.62,%,2023-12-17,Pending"
"496,953,10,90.55,mg/dL,2023-11-20,Completed"
"497,851,2,66.24,g/L,2024-11-01,Completed"
"498,553,11,67.15,%,2024-05-05,Pending"
"499,5,19,71.28,mmol/L,2024-08-21,Completed"
"500,528,5,13.11,%,2024-07-30,Pending"
"501,96,14,53.17,g/L,2025-03-22,Pending"
"502,927,8,39.33,%,2024-05-01,Pending"
"503,336,15,53.86,mg/dL,2023-07-12,Pending"
"504,2,8,31.01,mg/dL,2023-06-22,Pending"
"505,961,13,83.88,mmol/L,2024-09-16,Pending"
"506,28,14,78.98,mmol/L,2024-10-17,Pending"
"507,228,16,93.45,mmol/L,2024-05-19,Completed"
"508,936,5,51.22,mmol/L,2023-08-17,Completed"
"509,926,10,88.92,mg/dL,2023-11-28,Completed"
"510,466,6,7.07,g/L,2024-08-14,Completed"
"511,46,8,25.66,%,2024-10-25,Pending"
"512,769,6,17.96,mg/dL,2024-05-17,Completed"
"513,970,17,47.57,%,2025-02-17,Completed"
"514,116,10,73.15,mmol/L,2025-02-03,Pending"
"515,321,7,32.72,mg/dL,2024-01-17,Completed"
"516,160,4,62.36,%,2025-03-21,Pending"
"517,677,18,54.51,g/L,2025-03-03,Pending"
"518,640,2,84.37,g/L,2023-11-25,Pending"
"519,19,2,68.37,mmol/L,2024-12-21,Completed"
"520,156,10,86.01,mmol/L,2024-09-05,Completed"
"521,744,3,23.72,g/L,2023-11-15,Pending"
"522,789,11,18.05,%,2023-06-25,Pending"
"523,129,2,68.76,mmol/L,2023-12-18,Completed"
"524,716,19,23.89,mg/dL,2023-09-08,Pending"
"525,847,10,13.21,g/L,2023-11-11,Completed"
"526,113,4,90.59,g/L,2023-06-12,Completed"
"527,956,4,77.29,mg/dL,2023-12-16,Pending"
"528,533,9,64.73,g/L,2025-02-02,Completed"
"529,250,16,43.02,mg/dL,2024-12-21,Completed"
"530,953,20,88.3,g/L,2025-02-08,Pending"
"531,107,9,87.56,g/L,2023-07-23,Completed"
"532,796,10,73.91,g/L,2024-08-26,Completed"
"533,21,13,40.95,mg/dL,2024-04-22,Pending"
"534,217,14,82.4,g/L,2024-09-19,Pending"
"535,640,2,77.3,%,2024-10-05,Completed"
"536,557,10,48.83,g/L,2025-03-01,Completed"
"537,946,10,67.27,g/L,2024-11-15,Pending"
"538,743,3,44.91,mg/dL,2023-08-09,Completed"
"539,76,11,95.68,mmol/L,2024-03-30,Completed"
"540,882,6,99.7,%,2024-08-31,Completed"
"541,872,6,55.79,mmol/L,2024-02-18,Pending"
"542,465,5,96.56,%,2025-03-26,Pending"
"543,883,8,14.84,mg/dL,2023-07-19,Pending"
"544,472,19,66.58,g/L,2024-04-28,Pending"
"545,626,4,92.03,%,2025-03-26,Completed"
"546,687,7,23.47,mmol/L,2023-11-24,Pending"
"547,456,2,80.06,mg/dL,2023-07-29,Completed"
"548,854,8,23.0,g/L,2024-08-22,Completed"
"549,464,20,78.96,mmol/L,2024-08-17,Pending"
"550,768,12,77.04,%,2023-11-25,Completed"
"551,470,10,3.62,g/L,2024-09-22,Completed"
"552,578,1,80.92,mmol/L,2025-02-20,Completed"
"553,323,16,63.9,mg/dL,2024-05-22,Pending"
"554,94,7,18.98,mg/dL,2024-06-04,Pending"
"555,819,11,11.17,mmol/L,2024-12-16,Completed"
"556,396,7,28.48,mmol/L,2024-06-23,Pending"
"557,630,10,68.05,mg/dL,2025-02-11,Completed"
"558,549,10,86.47,mmol/L,2025-02-24,Completed"
"559,547,2,68.39,g/L,2024-04-06,Completed"
"560,631,2,2.64,g/L,2023-09-18,Completed"
"561,396,4,80.56,%,2024-08-14,Completed"
"562,829,7,91.52,mg/dL,2023-09-03,Pending"
"563,811,6,7.35,g/L,2025-01-26,Completed"
"564,891,16,7.87,mmol/L,2024-03-11,Completed"
"565,761,7,70.56,mg/dL,2025-03-12,Pending"
"566,91,2,86.6,g/L,2023-07-18,Completed"
"567,324,1,78.77,g/L,2024-06-17,Completed"
"568,207,9,71.12,%,2024-01-09,Pending"
"569,214,20,38.76,%,2023-11-27,Completed"
"570,765,9,36.22,g/L,2024-02-09,Pending"
"571,689,11,74.02,%,2025-04-11,Pending"
"572,320,17,32.67,g/L,2023-11-19,Completed"
"573,875,19,79.13,%,2024-11-23,Pending"
"574,94,8,90.82,%,2025-02-15,Pending"
"575,631,7,1.76,mmol/L,2025-05-01,Pending"
"576,236,16,68.08,g/L,2025-05-13,Completed"
"577,414,19,44.26,mmol/L,2024-09-24,Completed"
"578,752,8,41.6,g/L,2023-11-20,Pending"
"579,585,17,27.96,mg/dL,2025-03-12,Pending"
"580,360,13,63.44,g/L,2025-03-04,Completed"
"581,648,7,30.34,g/L,2023-11-11,Pending"
"582,575,18,68.61,%,2023-10-16,Completed"
"583,973,7,36.86,mmol/L,2023-08-27,Completed"
"584,76,16,50.22,%,2024-08-07,Pending"
"585,743,10,24.76,g/L,2024-11-21,Completed"
"586,669,19,31.45,%,2023-09-07,Pending"
"587,635,10,23.51,mg/dL,2024-05-15,Pending"
"588,544,13,26.22,mg/dL,2024-04-29,Pending"
"589,181,3,20.1,mg/dL,2024-01-25,Pending"
"590,802,17,21.9,g/L,2024-06-21,Completed"
"591,599,16,68.08,g/L,2023-10-16,Pending"
"592,772,10,50.19,%,2024-03-13,Completed"
"593,284,19,71.46,g/L,2024-04-24,Pending"
"594,270,20,65.98,g/L,2023-12-09,Pending"
"595,427,12,34.07,mg/dL,2023-06-15,Pending"
"596,255,17,23.88,g/L,2023-06-14,Pending"
"597,734,3,99.1,g/L,2024-12-20,Pending"
"598,774,18,6.52,g/L,2025-01-15,Completed"
"599,141,5,31.89,%,2024-02-13,Pending"
"600,585,6,36.75,%,2023-06-03,Pending"
"601,701,7,28.17,mmol/L,2024-07-14,Completed"
"602,402,8,2.4,mmol/L,2023-06-06,Pending"
"603,957,5,22.2,mmol/L,2024-10-17,Completed"
"604,124,5,46.92,g/L,2025-04-16,Pending"
"605,553,5,15.63,mg/dL,2024-04-08,Completed"
"606,656,1,85.36,mmol/L,2023-11-04,Completed"
"607,615,11,57.44,mg/dL,2023-10-28,Completed"
"608,766,9,26.35,mg/dL,2024-12-18,Completed"
"609,908,6,35.5,mg/dL,2024-10-01,Completed"
"610,13,9,30.81,mmol/L,2023-12-30,Completed"
"611,261,2,33.63,%,2024-07-04,Pending"
"612,77,14,25.1,mmol/L,2025-04-01,Pending"
"613,612,8,11.61,mmol/L,2024-06-18,Completed"
"614,882,16,38.38,mmol/L,2024-02-29,Pending"
"615,502,8,20.93,mmol/L,2024-06-26,Completed"
"616,802,3,51.81,%,2024-03-14,Completed"
"617,528,5,41.86,%,2024-07-13,Completed"
"618,831,4,65.75,%,2024-05-25,Pending"
"619,145,20,61.32,%,2024-01-07,Completed"
"620,685,15,47.75,g/L,2024-01-03,Pending"
"621,45,4,23.2,mmol/L,2024-12-16,Pending"
"622,575,8,62.68,mg/dL,2023-12-29,Pending"
"623,995,20,62.52,g/L,2023-09-06,Pending"
"624,390,20,88.47,g/L,2025-01-30,Pending"
"625,670,19,20.43,mmol/L,2025-02-23,Completed"
"626,256,13,30.42,mg/dL,2024-11-05,Pending"
"627,132,13,74.01,mmol/L,2023-09-20,Pending"
"628,119,5,9.22,mmol/L,2023-06-27,Completed"
"629,253,12,40.32,%,2023-12-17,Completed"
"630,30,9,69.69,mmol/L,2025-03-24,Pending"
"631,176,6,37.79,mg/dL,2024-03-28,Completed"
"632,953,12,46.46,g/L,2024-05-18,Completed"
"633,255,16,0.53,g/L,2024-06-23,Completed"
"634,169,10,19.24,mmol/L,2024-07-19,Pending"
"635,743,9,43.9,mmol/L,2023-07-09,Completed"
"636,983,19,81.6,%,2025-02-26,Pending"
"637,442,15,52.73,g/L,2024-04-22,Pending"
"638,90,17,86.74,mg/dL,2024-04-26,Completed"
"639,63,19,86.65,mg/dL,2023-06-07,Pending"
"640,583,1,45.82,mg/dL,2024-06-06,Pending"
"641,745,2,25.21,mg/dL,2024-06-07,Completed"
"642,935,11,32.14,g/L,2025-04-22,Pending"
"643,465,10,43.89,mmol/L,2024-10-29,Completed"
"644,600,17,87.07,g/L,2024-07-28,Completed"
"645,91,5,10.79,g/L,2024-03-04,Pending"
"646,501,5,53.19,mmol/L,2025-02-20,Pending"
"647,314,13,48.8,mg/dL,2024-10-29,Pending"
"648,538,10,39.77,mg/dL,2024-10-19,Pending"
"649,698,2,60.67,mg/dL,2024-08-17,Pending"
"650,911,18,81.91,mg/dL,2024-06-30,Completed"
"651,463,20,54.49,g/L,2024-02-26,Pending"
"652,45,20,33.44,%,2025-03-16,Completed"
"653,268,18,46.2,mg/dL,2025-03-15,Completed"
"654,640,5,64.93,g/L,2024-03-11,Completed"
"655,163,6,15.83,mmol/L,2023-11-11,Completed"
"656,629,14,68.67,%,2023-08-10,Completed"
"657,823,4,94.28,g/L,2025-04-02,Completed"
"658,920,9,86.4,mg/dL,2025-05-01,Pending"
"659,269,8,41.89,mmol/L,2023-07-10,Pending"
"660,795,5,28.27,mmol/L,2024-05-23,Completed"
"661,929,13,18.51,mg/dL,2025-05-13,Completed"
"662,144,2,52.04,%,2024-10-24,Completed"
"663,871,1,89.98,mmol/L,2024-11-25,Completed"
"664,202,4,8.78,%,2024-11-03,Completed"
"665,241,5,14.99,mg/dL,2025-02-11,Pending"
"666,642,3,27.6,%,2024-05-01,Pending"
"667,236,19,25.45,mmol/L,2023-10-22,Completed"
"668,78,14,60.3,mg/dL,2024-10-01,Completed"
"669,157,20,18.17,g/L,2023-11-18,Pending"
"670,547,20,43.25,g/L,2025-04-22,Completed"
"671,871,15,92.05,mmol/L,2023-08-24,Pending"
"672,76,6,60.1,%,2024-03-14,Completed"
"673,893,17,98.83,mg/dL,2025-03-08,Completed"
"674,159,1,15.31,mg/dL,2024-04-17,Completed"
"675,590,9,93.44,mmol/L,2023-10-31,Pending"
"676,738,12,0.22,mg/dL,2025-04-15,Pending"
"677,636,20,87.36,mmol/L,2025-03-06,Completed"
"678,735,16,76.3,g/L,2025-01-13,Pending"
"679,861,12,8.45,%,2024-10-06,Pending"
"680,129,4,93.36,g/L,2024-01-21,Pending"
"681,31,16,5.51,g/L,2024-07-18,Pending"
"682,693,20,32.24,%,2024-03-26,Completed"
"683,718,17,9.28,mmol/L,2024-08-05,Pending"
"684,825,8,10.06,mg/dL,2023-08-13,Completed"
"685,758,1,67.14,g/L,2024-03-30,Completed"
"686,428,13,50.4,mmol/L,2025-01-28,Completed"
"687,460,14,75.03,%,2024-03-09,Pending"
"688,555,20,93.51,g/L,2023-11-02,Pending"
"689,629,11,37.49,g/L,2024-01-11,Pending"
"690,353,16,36.74,g/L,2024-02-27,Pending"
"691,151,2,4.67,%,2024-10-09,Pending"
"692,441,3,57.67,mg/dL,2024-12-28,Pending"
"693,300,12,1.2,mg/dL,2024-07-23,Completed"
"694,152,1,70.81,%,2024-08-19,Pending"
"695,409,15,10.49,%,2023-07-03,Pending"
"696,249,3,81.01,%,2025-04-01,Completed"
"697,434,5,16.4,%,2024-12-08,Completed"
"698,836,10,45.33,mmol/L,2023-09-15,Completed"
"699,217,18,81.68,%,2024-02-08,Pending"
"700,989,8,58.41,g/L,2025-01-16,Completed"
"701,203,19,37.07,mg/dL,2023-07-24,Pending"
"702,314,3,68.84,mg/dL,2023-05-18,Pending"
"703,571,4,10.63,g/L,2024-03-10,Pending"
"704,643,13,1.6,mg/dL,2023-10-09,Completed"
"705,533,8,61.92,mmol/L,2023-05-19,Pending"
"706,655,12,15.81,mg/dL,2024-07-30,Completed"
"707,938,20,83.28,g/L,2023-06-03,Completed"
"708,973,6,54.47,mg/dL,2025-03-29,Pending"
"709,379,10,84.95,g/L,2023-07-06,Pending"
"710,240,14,25.66,%,2024-11-24,Pending"
"711,729,6,53.6,g/L,2024-10-19,Pending"
"712,825,15,21.98,mg/dL,2023-08-12,Pending"
"713,772,17,80.13,%,2024-05-04,Completed"
"714,141,3,43.77,mg/dL,2024-08-18,Completed"
"715,497,4,45.09,g/L,2024-08-25,Pending"
"716,386,8,20.39,g/L,2024-05-04,Completed"
"717,573,6,98.11,%,2024-10-22,Completed"
"718,660,17,42.57,mg/dL,2025-01-31,Pending"
"719,420,14,83.35,g/L,2024-02-29,Completed"
"720,530,14,6.41,mg/dL,2024-01-25,Pending"
"721,488,18,57.51,mg/dL,2024-04-07,Pending"
"722,849,10,99.77,mmol/L,2024-02-15,Pending"
"723,33,4,9.0,mmol/L,2023-11-11,Completed"
"724,513,11,69.37,mg/dL,2025-02-04,Completed"
"725,792,4,88.01,mmol/L,2024-08-26,Completed"
"726,438,11,64.62,mg/dL,2024-01-18,Pending"
"727,467,9,17.81,g/L,2024-06-27,Pending"
"728,193,4,49.63,mg/dL,2024-01-29,Completed"
"729,976,10,59.27,mmol/L,2025-05-08,Completed"
"730,66,9,38.42,mmol/L,2023-09-29,Pending"
"731,767,19,86.13,g/L,2024-08-28,Completed"
"732,266,9,5.13,g/L,2023-07-05,Completed"
"733,980,7,41.27,g/L,2024-02-07,Completed"
"734,435,18,88.57,g/L,2023-11-29,Completed"
"735,200,16,0.26,mg/dL,2024-06-13,Pending"
"736,704,8,19.35,mmol/L,2025-04-05,Pending"
"737,859,6,67.86,mg/dL,2024-02-19,Completed"
"738,143,13,57.08,%,2025-02-27,Completed"
"739,818,13,1.88,%,2023-07-18,Completed"
"740,870,4,57.17,%,2023-11-04,Completed"
"741,929,12,43.11,mmol/L,2023-06-16,Completed"
"742,375,15,6.1,%,2025-05-10,Pending"
"743,53,20,48.83,mg/dL,2023-09-25,Pending"
"744,783,18,1.41,g/L,2024-11-06,Pending"
"745,100,19,42.76,mg/dL,2024-02-24,Completed"
"746,346,12,78.62,mg/dL,2025-01-22,Pending"
"747,108,13,33.08,g/L,2024-10-14,Pending"
"748,1,12,90.66,mmol/L,2023-10-16,Pending"
"749,548,11,29.97,mmol/L,2025-03-08,Completed"
"750,433,1,89.61,g/L,2023-07-15,Pending"
"751,795,5,18.3,mg/dL,2025-04-05,Completed"
"752,845,19,24.9,mg/dL,2025-01-08,Completed"
"753,291,12,38.96,g/L,2024-05-15,Completed"
"754,124,8,17.55,mmol/L,2025-01-14,Pending"
"755,584,6,69.72,mg/dL,2024-11-27,Completed"
"756,75,1,81.4,%,2023-11-20,Completed"
"757,301,18,3.6,g/L,2024-08-27,Pending"
"758,975,15,60.44,mmol/L,2024-11-16,Pending"
"759,53,4,24.75,mmol/L,2024-03-16,Completed"
"760,157,15,20.68,g/L,2025-03-07,Pending"
"761,347,8,83.31,mmol/L,2023-07-29,Completed"
"762,419,3,50.68,mmol/L,2024-08-11,Completed"
"763,499,17,22.86,%,2024-10-21,Pending"
"764,660,5,81.59,mmol/L,2023-12-11,Pending"
"765,58,10,39.18,mmol/L,2024-06-27,Completed"
"766,190,9,44.59,%,2024-04-01,Completed"
"767,722,15,90.21,%,2023-11-29,Pending"
"768,81,20,87.24,g/L,2023-08-22,Pending"
"769,885,3,86.68,mmol/L,2024-08-06,Pending"
"770,653,18,52.37,%,2024-07-03,Pending"
"771,387,17,39.06,%,2023-11-13,Completed"
"772,365,13,51.74,mmol/L,2024-07-31,Completed"
"773,178,3,83.99,mg/dL,2024-11-04,Pending"
"774,306,20,83.87,%,2023-08-04,Completed"
"775,933,15,26.26,%,2024-09-18,Completed"
"776,822,13,17.7,g/L,2023-07-30,Completed"
"777,90,10,51.72,g/L,2024-05-27,Pending"
"778,884,7,66.44,g/L,2025-04-15,Completed"
"779,978,7,95.73,mmol/L,2025-01-13,Completed"
"780,863,8,55.83,mg/dL,2024-07-16,Pending"
"781,846,10,25.13,%,2024-03-13,Completed"
"782,18,1,7.08,mg/dL,2023-08-04,Completed"
"783,15,9,45.69,mg/dL,2023-06-19,Completed"
"784,554,7,47.01,mmol/L,2024-07-25,Pending"
"785,883,1,32.02,%,2024-06-29,Pending"
"786,833,8,54.65,g/L,2025-01-16,Pending"
"787,942,7,90.46,g/L,2025-05-02,Completed"
"788,888,13,83.76,mg/dL,2025-03-31,Pending"
"789,984,9,72.66,g/L,2025-02-14,Pending"
"790,498,3,1.06,%,2023-08-26,Completed"
"791,569,9,8.84,%,2024-06-10,Completed"
"792,650,9,8.28,mmol/L,2025-05-03,Completed"
"793,713,17,32.73,g/L,2024-07-09,Completed"
"794,983,10,99.05,g/L,2024-05-25,Completed"
"795,745,4,60.29,mg/dL,2024-05-24,Pending"
"796,596,12,38.23,%,2024-12-19,Pending"
"797,119,17,47.33,mmol/L,2023-05-31,Completed"
"798,202,13,37.6,g/L,2023-12-04,Pending"
"799,580,8,86.11,%,2023-06-09,Completed"
"800,568,16,13.15,mg/dL,2023-12-23,Pending"
"801,906,19,1.19,g/L,2025-03-28,Pending"
"802,959,18,61.58,%,2025-02-02,Completed"
"803,830,12,0.71,%,2024-06-25,Completed"
"804,716,7,79.3,g/L,2025-01-10,Completed"
"805,323,2,38.13,mmol/L,2023-06-22,Completed"
"806,947,10,15.93,%,2024-06-25,Pending"
"807,199,13,79.39,%,2024-03-04,Completed"
"808,88,17,12.58,g/L,2023-05-19,Pending"
"809,515,5,76.48,mmol/L,2023-10-06,Completed"
"810,259,11,25.01,%,2025-03-15,Pending"
"811,681,15,11.66,mmol/L,2024-11-09,Pending"
"812,524,2,56.56,mg/dL,2024-07-14,Completed"
"813,750,15,50.76,g/L,2024-03-31,Pending"
"814,137,9,1.69,mmol/L,2023-08-19,Pending"
"815,233,14,13.8,g/L,2024-03-31,Pending"
"816,897,17,45.09,mmol/L,2024-12-04,Completed"
"817,199,17,95.1,mg/dL,2023-12-06,Pending"
"818,548,6,35.25,%,2023-12-15,Pending"
"819,976,19,21.9,mg/dL,2023-11-27,Completed"
"820,675,17,41.25,mg/dL,2024-10-11,Completed"
"821,69,16,48.32,mmol/L,2024-07-22,Pending"
"822,792,11,80.29,g/L,2023-10-07,Pending"
"823,682,1,26.43,mg/dL,2023-10-28,Pending"
"824,153,14,92.75,g/L,2023-12-18,Pending"
"825,674,8,33.79,mmol/L,2023-10-16,Pending"
"826,903,5,59.7,mmol/L,2023-07-21,Completed"
"827,978,2,6.64,g/L,2024-04-29,Pending"
"828,500,8,67.06,g/L,2023-08-31,Pending"
"829,315,17,9.48,g/L,2025-01-31,Pending"
"830,874,16,78.05,mg/dL,2024-09-18,Completed"
"831,577,8,86.24,%,2024-12-29,Pending"
"832,847,11,85.67,%,2023-12-16,Completed"
"833,829,13,21.5,mmol/L,2024-07-28,Completed"
"834,828,5,20.85,mmol/L,2023-09-18,Pending"
"835,331,14,75.84,mg/dL,2023-10-18,Pending"
"836,53,8,13.63,mg/dL,2023-08-20,Pending"
"837,100,4,27.75,g/L,2024-09-18,Completed"
"838,665,13,18.71,mg/dL,2023-09-21,Completed"
"839,497,20,22.0,g/L,2023-07-17,Pending"
"840,555,7,4.08,%,2024-08-09,Pending"
"841,162,17,46.17,g/L,2024-07-26,Pending"
"842,188,9,82.24,mmol/L,2024-03-15,Completed"
"843,609,9,61.32,g/L,2023-06-06,Completed"
"844,117,3,67.73,mmol/L,2024-10-13,Completed"
"845,960,6,69.88,mg/dL,2023-10-15,Completed"
"846,108,15,93.57,%,2023-05-23,Pending"
"847,945,7,97.74,mg/dL,2023-07-22,Completed"
"848,723,7,89.17,%,2024-09-11,Pending"
"849,848,10,41.49,mmol/L,2025-04-29,Completed"
"850,732,16,30.92,%,2023-09-26,Pending"
"851,769,13,3.76,%,2024-05-27,Pending"
"852,959,17,82.14,mmol/L,2024-06-13,Completed"
"853,158,16,48.66,mg/dL,2023-07-04,Pending"
"854,98,9,66.53,%,2023-07-11,Completed"
"855,537,6,47.21,%,2025-03-17,Pending"
"856,961,13,57.28,%,2024-11-03,Completed"
"857,874,17,65.81,%,2024-02-24,Completed"
"858,545,5,52.32,g/L,2024-07-23,Pending"
"859,97,5,20.44,mmol/L,2024-11-13,Pending"
"860,356,8,62.44,mg/dL,2023-07-10,Pending"
"861,46,17,64.72,%,2025-02-12,Completed"
"862,475,19,47.46,%,2023-08-10,Pending"
"863,182,11,33.66,%,2024-05-05,Completed"
"864,629,5,84.19,%,2023-08-21,Pending"
"865,25,4,83.47,mg/dL,2023-11-01,Pending"
"866,761,11,64.73,g/L,2024-08-14,Pending"
"867,669,15,94.81,g/L,2025-01-02,Pending"
"868,718,13,24.52,mg/dL,2023-07-26,Completed"
"869,135,11,49.47,mmol/L,2024-12-02,Completed"
"870,52,13,66.69,mmol/L,2023-12-05,Pending"
"871,614,7,53.64,mg/dL,2024-06-21,Completed"
"872,908,6,76.66,mmol/L,2024-08-13,Pending"
"873,993,8,46.89,g/L,2023-05-31,Pending"
"874,372,11,64.05,%,2024-08-26,Completed"
"875,540,19,89.56,%,2024-05-04,Pending"
"876,796,3,14.74,g/L,2024-03-27,Pending"
"877,982,1,70.55,mg/dL,2024-12-26,Completed"
"878,568,12,4.08,%,2024-08-04,Pending"
"879,391,7,80.04,%,2024-05-09,Completed"
"880,256,11,24.91,mmol/L,2025-04-12,Pending"
"881,270,14,65.83,mg/dL,2024-09-12,Pending"
"882,603,13,45.05,mmol/L,2024-05-07,Completed"
"883,669,6,97.39,mg/dL,2023-07-17,Completed"
"884,951,15,24.77,mg/dL,2024-07-13,Pending"
"885,666,9,31.18,%,2025-05-04,Completed"
"886,41,18,44.84,mmol/L,2023-11-15,Completed"
"887,15,2,74.71,mg/dL,2023-08-19,Completed"
"888,993,9,93.49,mmol/L,2023-11-19,Completed"
"889,688,17,5.69,%,2024-10-03,Completed"
"890,647,1,6.88,mmol/L,2025-02-22,Pending"
"891,829,9,41.2,mg/dL,2023-10-28,Completed"
"892,793,5,67.9,g/L,2024-05-31,Completed"
"893,150,3,11.12,g/L,2024-01-10,Pending"
"894,819,5,75.67,mg/dL,2024-02-25,Pending"
"895,836,15,97.23,mg/dL,2024-02-11,Completed"
"896,720,7,50.98,mmol/L,2024-08-29,Completed"
"897,339,19,39.94,mmol/L,2024-03-21,Completed"
"898,187,3,67.3,mg/dL,2024-01-29,Completed"
"899,498,20,74.34,mg/dL,2024-01-26,Completed"
"900,526,20,37.29,mg/dL,2024-09-12,Completed"
"901,875,8,24.36,g/L,2025-01-12,Completed"
"902,927,16,78.08,mmol/L,2024-10-20,Pending"
"903,303,17,60.74,mg/dL,2023-07-14,Pending"
"904,716,16,38.01,mmol/L,2023-05-21,Completed"
"905,178,14,7.32,mmol/L,2025-02-09,Completed"
"906,889,2,6.31,%,2024-11-06,Completed"
"907,730,18,79.28,mmol/L,2023-05-24,Completed"
"908,480,10,82.87,g/L,2024-07-08,Pending"
"909,533,13,37.87,mg/dL,2023-06-29,Completed"
"910,941,10,18.2,mmol/L,2023-10-27,Pending"
"911,377,17,98.3,g/L,2024-10-26,Pending"
"912,86,14,55.65,g/L,2023-06-25,Completed"
"913,885,11,89.58,mg/dL,2024-05-16,Completed"
"914,350,20,29.23,mmol/L,2024-02-11,Completed"
"915,122,3,81.84,g/L,2024-09-10,Completed"
"916,11,12,41.41,mg/dL,2023-10-28,Completed"
"917,230,14,51.26,g/L,2025-01-21,Pending"
"918,266,6,33.55,mmol/L,2025-03-25,Completed"
"919,403,4,32.59,mg/dL,2024-11-21,Completed"
"920,3,6,67.45,mmol/L,2024-12-15,Completed"
"921,706,8,2.24,mg/dL,2024-09-27,Completed"
"922,234,14,95.79,mmol/L,2024-04-03,Pending"
"923,642,1,39.81,mg/dL,2025-03-29,Completed"
"924,15,3,25.22,g/L,2023-07-19,Pending"
"925,725,8,82.77,%,2024-12-12,Completed"
"926,235,8,82.25,%,2023-11-17,Completed"
"927,261,11,76.25,mg/dL,2025-04-13,Pending"
"928,284,8,64.4,mmol/L,2023-05-25,Completed"
"929,881,3,65.01,%,2023-10-03,Completed"
"930,695,16,54.13,mmol/L,2025-01-18,Pending"
"931,730,16,67.97,mg/dL,2025-02-06,Pending"
"932,210,3,11.23,mg/dL,2024-07-12,Completed"
"933,530,12,3.77,mg/dL,2025-02-10,Completed"
"934,320,20,97.14,mg/dL,2025-03-17,Pending"
"935,318,10,90.71,mg/dL,2024-01-09,Completed"
"936,860,2,31.01,mg/dL,2023-11-23,Pending"
"937,818,12,0.51,mg/dL,2023-11-25,Completed"
"938,263,17,59.59,g/L,2024-05-13,Completed"
"939,551,20,27.0,mmol/L,2025-02-16,Completed"
"940,927,20,45.44,mg/dL,2025-03-27,Pending"
"941,298,5,4.88,mmol/L,2023-09-03,Pending"
"942,766,4,92.28,mmol/L,2024-08-02,Completed"
"943,217,6,25.51,g/L,2023-07-01,Pending"
"944,904,2,70.63,mg/dL,2023-12-07,Pending"
"945,13,9,99.14,g/L,2023-10-08,Pending"
"946,386,8,89.04,%,2024-10-01,Pending"
"947,236,1,28.38,mmol/L,2024-05-02,Completed"
"948,32,2,76.95,mmol/L,2024-07-25,Completed"
"949,850,9,50.05,%,2024-01-26,Completed"
"950,550,2,69.72,mmol/L,2024-06-29,Pending"
"951,321,5,34.98,mmol/L,2024-12-03,Pending"
"952,706,13,70.56,mmol/L,2023-11-03,Completed"
"953,364,6,99.07,g/L,2024-03-06,Completed"
"954,983,1,75.53,%,2024-12-31,Completed"
"955,52,10,15.01,mmol/L,2023-06-12,Completed"
"956,452,17,40.0,mmol/L,2023-10-02,Completed"
"957,134,4,85.44,%,2024-07-02,Pending"
"958,288,10,15.47,%,2024-10-13,Completed"
"959,553,1,59.82,mmol/L,2023-06-27,Completed"
"960,966,5,6.09,mmol/L,2024-08-17,Pending"
"961,33,7,85.66,mmol/L,2023-08-08,Pending"
"962,139,14,77.15,mmol/L,2024-04-25,Completed"
"963,43,14,97.3,mmol/L,2024-02-28,Pending"
"964,437,6,3.13,mg/dL,2024-10-26,Completed"
"965,183,3,67.23,g/L,2024-03-17,Completed"
"966,878,8,32.77,%,2025-03-18,Pending"
"967,591,8,6.76,mmol/L,2024-09-24,Pending"
"968,697,9,92.89,mg/dL,2025-04-23,Pending"
"969,205,14,84.96,%,2025-02-16,Completed"
"970,24,5,91.97,g/L,2025-04-25,Completed"
"971,39,10,22.55,g/L,2024-02-15,Completed"
"972,942,10,75.42,%,2024-09-10,Completed"
"973,506,17,44.34,%,2023-09-28,Pending"
"974,183,16,71.82,%,2024-09-25,Completed"
"975,442,13,16.27,%,2024-02-22,Completed"
"976,764,3,69.33,mmol/L,2023-08-16,Completed"
"977,362,14,18.91,g/L,2024-09-18,Pending"
"978,695,18,38.17,%,2023-12-30,Pending"
"979,648,7,0.19,g/L,2023-12-14,Pending"
"980,858,12,67.89,mg/dL,2023-11-20,Completed"
"981,361,12,33.21,%,2024-07-09,Pending"
"982,350,12,21.32,mmol/L,2025-01-08,Completed"
"983,6,20,35.16,mmol/L,2025-01-14,Completed"
"984,526,2,4.2,mg/dL,2024-09-14,Pending"
"985,174,4,32.05,mmol/L,2023-07-25,Pending"
"986,905,12,95.96,%,2023-07-17,Pending"
"987,798,1,84.63,mmol/L,2024-07-06,Completed"
"988,248,1,87.41,mmol/L,2023-06-19,Completed"
"989,104,12,8.31,%,2024-12-06,Pending"
"990,666,1,66.22,g/L,2024-11-25,Completed"
"991,354,1,53.69,mg/dL,2024-12-19,Completed"
"992,315,17,82.12,g/L,2024-08-04,Completed"
"993,253,16,14.97,mg/dL,2023-09-19,Pending"
"994,312,12,45.54,mg/dL,2024-02-09,Completed"
"995,295,20,22.64,mmol/L,2024-07-04,Completed"
"996,362,8,20.57,mg/dL,2023-10-18,Pending"
"997,133,4,31.37,g/L,2025-04-20,Completed"
"998,213,12,69.44,mg/dL,2024-03-27,Pending"
"999,823,16,29.89,g/L,2024-08-21,Completed"
"1000,700,4,16.19,%,2024-06-25,Completed"
